{"cameraMode":{"drawMode":0,"name":"Shaded","section":"Shading Mode"},"sceneLighting":true,"audioPlay":false,"sceneViewState":{"m_AlwaysRefresh":false,"showFog":true,"showSkybox":true,"showFlares":true,"showImageEffects":true,"showParticleSystems":true,"showVisualEffectGraphs":true,"m_FxEnabled":true},"in2DMode":false,"pivot":{"x":0.912548303604126,"y":1.8950672149658204,"z":0.779569149017334},"rotation":{"x":-0.17453016340732575,"y":-0.22609904408454896,"z":0.041214894503355029,"w":-0.9574335813522339},"size":3.0118753910064699,"orthographic":false}