{"cameraMode":{"drawMode":0,"name":"Shaded","section":"Shading Mode"},"sceneLighting":true,"audioPlay":false,"sceneViewState":{"m_AlwaysRefresh":false,"showFog":true,"showSkybox":true,"showFlares":true,"showImageEffects":true,"showParticleSystems":true,"showVisualEffectGraphs":true,"m_FxEnabled":true},"in2DMode":false,"pivot":{"x":-3.8169617652893068,"y":0.8324679136276245,"z":2.0373599529266359},"rotation":{"x":-0.04691842570900917,"y":-0.08560026437044144,"z":0.00403556227684021,"w":-0.9951969981193543},"size":0.8282221555709839,"orthographic":false}