{"cameraMode":{"drawMode":0,"name":"Shaded","section":"Shading Mode"},"sceneLighting":true,"audioPlay":false,"sceneViewState":{"m_AlwaysRefresh":false,"showFog":true,"showSkybox":true,"showFlares":true,"showImageEffects":true,"showParticleSystems":true,"showVisualEffectGraphs":true,"m_FxEnabled":true},"in2DMode":false,"pivot":{"x":-3.477961778640747,"y":0.8174680471420288,"z":1.9813600778579713},"rotation":{"x":-0.07301300764083862,"y":-0.1655709445476532,"z":0.012293167412281037,"w":-0.9833947420120239},"size":0.8602356314659119,"orthographic":false}